Ticker;BTC-USD
23.11.2020;18364.12109
24.11.2020;19107.46484
25.11.2020;18732.12109
26.11.2020;17150.62305
27.11.2020;17108.40234
28.11.2020;17717.41406
29.11.2020;18177.48438
30.11.2020;19625.83594
1.12.2020;18802.99805
2.12.2020;19201.0918
3.12.2020;19445.39844
4.12.2020;18699.76563
5.12.2020;19154.23047
6.12.2020;19345.12109
7.12.2020;19191.63086
8.12.2020;18321.14453
9.12.2020;18553.91602
10.12.2020;18264.99219
11.12.2020;18058.9043
12.12.2020;18803.65625
13.12.2020;19142.38281
14.12.2020;19246.64453
15.12.2020;19417.07617
16.12.2020;21310.59766
17.12.2020;22805.16211
18.12.2020;23137.96094
19.12.2020;23869.83203
20.12.2020;23477.29492
21.12.2020;22803.08203
22.12.2020;23783.0293
23.12.2020;23241.3457
24.12.2020;23735.94922
25.12.2020;24664.79102
26.12.2020;26437.03711
27.12.2020;26272.29492
28.12.2020;27084.80859
29.12.2020;27362.4375
30.12.2020;28840.95313
31.12.2020;29001.7207
1.01.2021;29374.15234
2.01.2021;32127.26758
3.01.2021;32782.02344
4.01.2021;31971.91406
5.01.2021;33992.42969
6.01.2021;36824.36328
7.01.2021;39371.04297
8.01.2021;40797.60938
9.01.2021;40254.54688
10.01.2021;38356.44141
11.01.2021;35566.65625
12.01.2021;33922.96094
13.01.2021;37316.35938
14.01.2021;39187.32813
15.01.2021;36825.36719
16.01.2021;36178.14063
17.01.2021;35791.27734
18.01.2021;36630.07422
19.01.2021;36069.80469
20.01.2021;35547.75
21.01.2021;30825.69922
22.01.2021;33005.76172
23.01.2021;32067.64258
24.01.2021;32289.37891
25.01.2021;32366.39258
26.01.2021;32569.84961
27.01.2021;30432.54688
28.01.2021;33466.09766
29.01.2021;34316.38672
30.01.2021;34269.52344
31.01.2021;33114.35938
1.02.2021;33537.17578
2.02.2021;35510.28906
3.02.2021;37472.08984
4.02.2021;36926.06641
5.02.2021;38144.30859
6.02.2021;39266.01172
7.02.2021;38903.44141
8.02.2021;46196.46484
9.02.2021;46481.10547
10.02.2021;44918.18359
11.02.2021;47909.33203
12.02.2021;47504.85156
13.02.2021;47105.51563
14.02.2021;48717.28906
15.02.2021;47945.05859
16.02.2021;49199.87109
17.02.2021;52149.00781
18.02.2021;51679.79688
19.02.2021;55888.13281
20.02.2021;56099.51953
21.02.2021;57539.94531
22.02.2021;54207.32031
23.02.2021;48824.42578
24.02.2021;49705.33203
25.02.2021;47093.85156
26.02.2021;46339.76172
27.02.2021;46188.45313
28.02.2021;45137.76953
1.03.2021;49631.24219
2.03.2021;48378.98828
3.03.2021;50538.24219
4.03.2021;48561.16797
5.03.2021;48927.30469
6.03.2021;48912.38281
7.03.2021;51206.69141
8.03.2021;52246.52344
9.03.2021;54824.11719
10.03.2021;56008.55078
11.03.2021;57805.12109
12.03.2021;57332.08984
13.03.2021;61243.08594
14.03.2021;59302.31641
15.03.2021;55907.19922
16.03.2021;56804.90234
17.03.2021;58870.89453
18.03.2021;57858.92188
19.03.2021;58346.65234
20.03.2021;58313.64453
21.03.2021;57523.42188
22.03.2021;54529.14453
23.03.2021;54738.94531
24.03.2021;52774.26563
25.03.2021;51704.16016
26.03.2021;55137.3125
27.03.2021;55973.51172
28.03.2021;55950.74609
29.03.2021;57750.19922
30.03.2021;58917.69141
31.03.2021;58918.83203
1.04.2021;59095.80859
2.04.2021;59384.3125
3.04.2021;57603.89063
4.04.2021;58758.55469
5.04.2021;59057.87891
6.04.2021;58192.35938
7.04.2021;56048.9375
8.04.2021;58323.95313
9.04.2021;58245.00391
10.04.2021;59793.23438
11.04.2021;60204.96484
12.04.2021;59893.45313
13.04.2021;63503.45703
14.04.2021;63109.69531
15.04.2021;63314.01172
16.04.2021;61572.78906
17.04.2021;60683.82031
18.04.2021;56216.18359
19.04.2021;55724.26563
20.04.2021;56473.03125
21.04.2021;53906.08984
22.04.2021;51762.27344
23.04.2021;51093.65234
24.04.2021;50050.86719
25.04.2021;49004.25391
26.04.2021;54021.75391
27.04.2021;55033.11719
28.04.2021;54824.70313
29.04.2021;53555.10938
30.04.2021;57750.17578
1.05.2021;57828.05078
2.05.2021;56631.07813
3.05.2021;57200.29297
4.05.2021;53333.53906
5.05.2021;57424.00781
6.05.2021;56396.51563
7.05.2021;57356.40234
8.05.2021;58803.77734
9.05.2021;58232.31641
10.05.2021;55859.79688
11.05.2021;56704.57422
12.05.2021;49150.53516
13.05.2021;49716.19141
14.05.2021;49880.53516
15.05.2021;46760.1875
16.05.2021;46456.05859
17.05.2021;43537.51172
18.05.2021;42909.40234
19.05.2021;37002.44141
20.05.2021;40782.73828
21.05.2021;37304.69141
22.05.2021;37536.63281
23.05.2021;34770.58203
24.05.2021;38705.98047
25.05.2021;38402.22266
26.05.2021;39294.19922
27.05.2021;38436.96875
28.05.2021;35697.60547
29.05.2021;34616.06641
30.05.2021;35678.12891
31.05.2021;37332.85547
1.06.2021;36684.92578
2.06.2021;37575.17969
3.06.2021;39208.76563
4.06.2021;36894.40625
5.06.2021;35551.95703
6.06.2021;35862.37891
7.06.2021;33560.70703
8.06.2021;33472.63281
9.06.2021;37345.12109
10.06.2021;36702.59766
11.06.2021;37334.39844
12.06.2021;35552.51563
13.06.2021;39097.85938
14.06.2021;40218.47656
15.06.2021;40406.26953
16.06.2021;38347.0625
17.06.2021;38053.50391
18.06.2021;35787.24609
19.06.2021;35615.87109
20.06.2021;35698.29688
21.06.2021;31676.69336
22.06.2021;32505.66016
23.06.2021;33723.02734
24.06.2021;34662.4375
25.06.2021;31637.7793
26.06.2021;32186.27734
27.06.2021;34649.64453
28.06.2021;34434.33594
29.06.2021;35867.77734
30.06.2021;35040.83594
1.07.2021;33572.11719
2.07.2021;33897.04688
3.07.2021;34668.54688
4.07.2021;35287.78125
5.07.2021;33746.00391
6.07.2021;34235.19531
7.07.2021;33855.32813
8.07.2021;32877.37109
9.07.2021;33798.01172
10.07.2021;33520.51953
11.07.2021;34240.1875
12.07.2021;33155.84766
13.07.2021;32702.02539
14.07.2021;32822.34766
15.07.2021;31780.73047
16.07.2021;31421.53906
17.07.2021;31533.06836
18.07.2021;31796.81055
19.07.2021;30817.83203
20.07.2021;29807.34766
21.07.2021;32110.69336
22.07.2021;32313.10547
23.07.2021;33581.55078
24.07.2021;34292.44531
25.07.2021;35350.1875
26.07.2021;37337.53516
27.07.2021;39406.94141
28.07.2021;39995.90625
29.07.2021;40008.42188
30.07.2021;42235.54688
31.07.2021;41626.19531
1.08.2021;39974.89453
2.08.2021;39201.94531
3.08.2021;38152.98047
4.08.2021;39747.50391
5.08.2021;40869.55469
6.08.2021;42816.5
7.08.2021;44555.80078
8.08.2021;43798.11719
9.08.2021;46365.40234
10.08.2021;45585.03125
11.08.2021;45593.63672
12.08.2021;44428.28906
13.08.2021;47793.32031
14.08.2021;47096.94531
15.08.2021;47047.00391
16.08.2021;46004.48438
17.08.2021;44695.35938
18.08.2021;44801.1875
19.08.2021;46717.57813
20.08.2021;49339.17578
21.08.2021;48905.49219
22.08.2021;49321.65234
23.08.2021;49546.14844
24.08.2021;47706.11719
25.08.2021;48960.78906
26.08.2021;46942.21875
27.08.2021;49058.66797
28.08.2021;48902.40234
29.08.2021;48829.83203
30.08.2021;47054.98438
31.08.2021;47166.6875
1.09.2021;48847.02734
2.09.2021;49327.72266
3.09.2021;50025.375
4.09.2021;49944.625
5.09.2021;51753.41016
6.09.2021;52633.53516
7.09.2021;46811.12891
8.09.2021;46091.39063
9.09.2021;46391.42188
10.09.2021;44883.91016
11.09.2021;45201.45703
12.09.2021;46063.26953
13.09.2021;44963.07422
14.09.2021;47092.49219
15.09.2021;48176.34766
16.09.2021;47783.35938
17.09.2021;47267.51953
18.09.2021;48278.36328
19.09.2021;47260.21875
20.09.2021;42843.80078
21.09.2021;40693.67578
22.09.2021;43574.50781
23.09.2021;44895.09766
24.09.2021;42839.75
25.09.2021;42716.59375
26.09.2021;43208.53906
27.09.2021;42235.73047
28.09.2021;41034.54297
29.09.2021;41564.36328
30.09.2021;43790.89453
1.10.2021;48116.94141
2.10.2021;47711.48828
3.10.2021;48199.95313
4.10.2021;49112.90234
5.10.2021;51514.8125
6.10.2021;55361.44922
7.10.2021;53805.98438
8.10.2021;53967.84766
9.10.2021;54968.22266
10.10.2021;54771.57813
11.10.2021;57484.78906
12.10.2021;56041.05859
13.10.2021;57401.09766
14.10.2021;57321.52344
15.10.2021;61593.94922
16.10.2021;60892.17969
17.10.2021;61553.61719
18.10.2021;62026.07813
19.10.2021;64261.99219
20.10.2021;65992.83594
21.10.2021;62210.17188
22.10.2021;60692.26563
23.10.2021;61393.61719
24.10.2021;60930.83594
25.10.2021;63039.82422
26.10.2021;60363.79297
27.10.2021;58482.38672
28.10.2021;60622.13672
29.10.2021;62227.96484
30.10.2021;61888.83203
31.10.2021;61318.95703
1.11.2021;61004.40625
2.11.2021;63226.40234
3.11.2021;62970.04688
4.11.2021;61452.23047
5.11.2021;61125.67578
6.11.2021;61527.48047
7.11.2021;63326.98828
8.11.2021;67566.82813
9.11.2021;66971.82813
10.11.2021;64995.23047
11.11.2021;64949.96094
12.11.2021;64155.94141
13.11.2021;64469.52734
14.11.2021;65466.83984
15.11.2021;63557.87109
16.11.2021;60161.24609
17.11.2021;60368.01172
18.11.2021;56942.13672
19.11.2021;58119.57813
20.11.2021;59697.19531
21.11.2021;58730.47656
22.11.2021;56289.28906
23.11.2021;57569.07422
24.11.2021;56280.42578
25.11.2021;57274.67969
26.11.2021;53569.76563
27.11.2021;54815.07813
28.11.2021;57248.45703
29.11.2021;57806.56641
30.11.2021;57005.42578
1.12.2021;57229.82813
2.12.2021;56477.81641
3.12.2021;53598.24609
4.12.2021;49200.70313
5.12.2021;49368.84766
6.12.2021;50582.625
7.12.2021;50700.08594
8.12.2021;50504.79688
9.12.2021;47672.12109
10.12.2021;47243.30469
11.12.2021;49362.50781
12.12.2021;50098.33594
13.12.2021;46737.48047
14.12.2021;46612.63281
15.12.2021;48896.72266
16.12.2021;47665.42578
17.12.2021;46202.14453
18.12.2021;46848.77734
19.12.2021;46707.01563
20.12.2021;46880.27734
21.12.2021;48936.61328
22.12.2021;48628.51172
23.12.2021;50784.53906
24.12.2021;50822.19531
25.12.2021;50429.85938
26.12.2021;50809.51563
27.12.2021;50640.41797
28.12.2021;47588.85547
29.12.2021;46444.71094
30.12.2021;47178.125
31.12.2021;46306.44531
1.01.2022;47686.8125
2.01.2022;47345.21875
3.01.2022;46458.11719
4.01.2022;45897.57422
5.01.2022;43569.00391
6.01.2022;43160.92969
7.01.2022;41557.90234
8.01.2022;41733.94141
9.01.2022;41911.60156
10.01.2022;41821.26172
11.01.2022;42735.85547
12.01.2022;43949.10156
13.01.2022;42591.57031
14.01.2022;43099.69922
15.01.2022;43177.39844
16.01.2022;43113.87891
17.01.2022;42250.55078
18.01.2022;42375.63281
19.01.2022;41744.32813
20.01.2022;40680.41797
21.01.2022;36457.31641
22.01.2022;35030.25
23.01.2022;36276.80469
24.01.2022;36654.32813
25.01.2022;36954.00391
26.01.2022;36852.12109
27.01.2022;37138.23438
28.01.2022;37784.33203
29.01.2022;38138.17969
30.01.2022;37917.60156
31.01.2022;38483.125
1.02.2022;38743.27344
2.02.2022;36952.98438
3.02.2022;37154.60156
4.02.2022;41500.875
5.02.2022;41441.16406
6.02.2022;42412.43359
7.02.2022;43840.28516
8.02.2022;44118.44531
9.02.2022;44338.79688
10.02.2022;43565.11328
11.02.2022;42407.9375
12.02.2022;42244.46875
13.02.2022;42197.51563
14.02.2022;42586.91797
15.02.2022;44575.20313
16.02.2022;43961.85938
17.02.2022;40538.01172
18.02.2022;40030.97656
19.02.2022;40122.15625
20.02.2022;38431.37891
21.02.2022;37075.28125
22.02.2022;38286.02734
23.02.2022;37296.57031
24.02.2022;38332.60938
25.02.2022;39214.21875
26.02.2022;39105.14844
27.02.2022;37709.78516
28.02.2022;43193.23438
1.03.2022;44354.63672
2.03.2022;43924.11719
3.03.2022;42451.78906
4.03.2022;39137.60547
5.03.2022;39400.58594
6.03.2022;38419.98438
7.03.2022;38062.03906
8.03.2022;38737.26953
9.03.2022;41982.92578
10.03.2022;39437.46094
11.03.2022;38794.97266
12.03.2022;38904.01172
13.03.2022;37849.66406
14.03.2022;39666.75391
15.03.2022;39338.78516
16.03.2022;41143.92969
17.03.2022;40951.37891
18.03.2022;41801.15625
19.03.2022;42190.65234
20.03.2022;41247.82422
21.03.2022;41077.99609
22.03.2022;42358.80859
23.03.2022;42892.95703
24.03.2022;43960.93359
25.03.2022;44348.73047
26.03.2022;44500.82813
27.03.2022;46820.49219
28.03.2022;47128.00391
29.03.2022;47465.73047
30.03.2022;47062.66406
31.03.2022;45538.67578
1.04.2022;46281.64453
2.04.2022;45868.94922
3.04.2022;46453.56641
4.04.2022;46622.67578
5.04.2022;45555.99219
6.04.2022;43206.73828
7.04.2022;43503.84766
8.04.2022;42287.66406
9.04.2022;42782.13672
10.04.2022;42207.67188
11.04.2022;39521.90234
12.04.2022;40127.18359
13.04.2022;41166.73047
14.04.2022;39935.51563
15.04.2022;40553.46484
16.04.2022;40424.48438
17.04.2022;39716.95313
18.04.2022;40826.21484
19.04.2022;41502.75
20.04.2022;41374.37891
21.04.2022;40527.36328
22.04.2022;39740.32031
23.04.2022;39486.73047
24.04.2022;39469.29297
25.04.2022;40458.30859
26.04.2022;38117.46094
27.04.2022;39241.12109
28.04.2022;39773.82813
29.04.2022;38609.82422
30.04.2022;37714.875
1.05.2022;38469.09375
2.05.2022;38529.32813
3.05.2022;37750.45313
4.05.2022;39698.37109
5.05.2022;36575.14063
6.05.2022;36040.92188
7.05.2022;35501.95313
8.05.2022;34059.26563
9.05.2022;30296.95313
10.05.2022;31022.90625
11.05.2022;28936.35547
12.05.2022;29047.75195
13.05.2022;29283.10352
14.05.2022;30101.26563
15.05.2022;31305.11328
16.05.2022;29862.91797
17.05.2022;30425.85742
18.05.2022;28720.27148
19.05.2022;30314.33398
20.05.2022;29200.74023
21.05.2022;29432.22656
22.05.2022;30323.72266
23.05.2022;29098.91016
24.05.2022;29655.58594
25.05.2022;29562.36133
26.05.2022;29267.22461
27.05.2022;28627.57422
28.05.2022;28814.90039
29.05.2022;29445.95703
30.05.2022;31726.39063
31.05.2022;31792.31055
1.06.2022;29799.08008
2.06.2022;30467.48828
3.06.2022;29704.39063
4.06.2022;29832.91406
5.06.2022;29906.66211
6.06.2022;31370.67188
7.06.2022;31155.47852
8.06.2022;30214.35547
9.06.2022;30111.99805
10.06.2022;29083.80469
11.06.2022;28360.81055
12.06.2022;26762.64844
13.06.2022;22487.38867
14.06.2022;22206.79297
15.06.2022;22572.83984
16.06.2022;20381.65039
17.06.2022;20471.48242
18.06.2022;19017.64258
19.06.2022;20553.27148
20.06.2022;20599.53711
21.06.2022;20710.59766
22.06.2022;19987.0293
23.06.2022;21085.87695
24.06.2022;21231.65625
25.06.2022;21502.33789
26.06.2022;21027.29492
27.06.2022;20735.47852
28.06.2022;20280.63477
29.06.2022;20104.02344
30.06.2022;19784.72656
1.07.2022;19269.36719
2.07.2022;19242.25586
3.07.2022;19297.07617
4.07.2022;20231.26172
5.07.2022;20190.11523
6.07.2022;20548.24609
7.07.2022;21637.58789
8.07.2022;21731.11719
9.07.2022;21592.20703
10.07.2022;20860.44922
11.07.2022;19970.55664
12.07.2022;19323.91406
13.07.2022;20212.07422
14.07.2022;20569.91992
15.07.2022;20836.32813
16.07.2022;21190.31641
17.07.2022;20779.34375
18.07.2022;22485.68945
19.07.2022;23389.43359
20.07.2022;23231.73242
21.07.2022;23164.62891
22.07.2022;22714.97852
23.07.2022;22465.47852
24.07.2022;22609.16406
25.07.2022;21361.70117
26.07.2022;21239.75391
27.07.2022;22930.54883
28.07.2022;23843.88672
29.07.2022;23804.63281
30.07.2022;23656.20703
31.07.2022;23336.89648
1.08.2022;23314.19922
2.08.2022;22978.11719
3.08.2022;22846.50781
4.08.2022;22630.95703
5.08.2022;23289.31445
6.08.2022;22961.2793
7.08.2022;23175.89063
8.08.2022;23809.48633
9.08.2022;23164.31836
10.08.2022;23947.64258
11.08.2022;23957.5293
12.08.2022;24402.81836
13.08.2022;24424.06836
14.08.2022;24319.33398
15.08.2022;24136.97266
16.08.2022;23883.29102
17.08.2022;23335.99805
18.08.2022;23212.73828
19.08.2022;20877.55273
20.08.2022;21166.06055
21.08.2022;21534.12109
22.08.2022;21398.9082
23.08.2022;21528.08789
24.08.2022;21395.01953
25.08.2022;21600.9043
26.08.2022;20260.01953
27.08.2022;20041.73828
28.08.2022;19616.81445
29.08.2022;20297.99414
30.08.2022;19796.80859
31.08.2022;20049.76367
1.09.2022;20127.14063
2.09.2022;19969.77148
3.09.2022;19832.08789
4.09.2022;19986.71289
5.09.2022;19812.37109
6.09.2022;18837.66797
7.09.2022;19290.32422
8.09.2022;19329.83398
9.09.2022;21381.15234
10.09.2022;21680.53906
11.09.2022;21769.25586
12.09.2022;22370.44922
13.09.2022;20296.70703
14.09.2022;20241.08984
15.09.2022;19701.21094
16.09.2022;19772.58398
17.09.2022;20127.57617
18.09.2022;19419.50586
19.09.2022;19544.12891
20.09.2022;18890.78906
21.09.2022;18547.40039
22.09.2022;19413.55078
23.09.2022;19297.63867
24.09.2022;18937.01172
25.09.2022;18802.09766
26.09.2022;19222.67188
27.09.2022;19110.54688
28.09.2022;19426.7207
29.09.2022;19573.05078
30.09.2022;19431.78906
1.10.2022;19312.0957
2.10.2022;19044.10742
3.10.2022;19623.58008
4.10.2022;20336.84375
5.10.2022;20160.7168
6.10.2022;19955.44336
7.10.2022;19546.84961
8.10.2022;19416.56836
9.10.2022;19446.42578
10.10.2022;19141.48438
11.10.2022;19051.41797
12.10.2022;19157.44531
13.10.2022;19382.9043
14.10.2022;19185.65625
15.10.2022;19067.63477
16.10.2022;19268.09375
17.10.2022;19550.75781
18.10.2022;19334.41602
19.10.2022;19139.53516
20.10.2022;19053.74023
21.10.2022;19172.46875
22.10.2022;19208.18945
23.10.2022;19567.00781
24.10.2022;19345.57227
25.10.2022;20095.85742
26.10.2022;20770.44141
27.10.2022;20285.83594
28.10.2022;20595.35156
29.10.2022;20818.47656
30.10.2022;20635.60352
31.10.2022;20495.77344
1.11.2022;20485.27344
2.11.2022;20159.50391
3.11.2022;20209.98828
4.11.2022;21147.23047
5.11.2022;21282.69141
6.11.2022;20926.48633
7.11.2022;20602.81641
8.11.2022;18541.27148
9.11.2022;15880.78027
10.11.2022;17586.77148
11.11.2022;17034.29297
12.11.2022;16799.18555
13.11.2022;16353.36523
14.11.2022;16618.19922
15.11.2022;16884.61328
16.11.2022;16669.43945
17.11.2022;16687.51758
18.11.2022;16697.77734
19.11.2022;16711.54688
20.11.2022;16291.83203
21.11.2022;15787.28418
22.11.2022;16189.76953
23.11.2022;16610.70703
24.11.2022;16604.46484
25.11.2022;16521.8418
26.11.2022;16464.28125
27.11.2022;16444.62695
28.11.2022;16217.32227
29.11.2022;16444.98242
30.11.2022;17168.56641
1.12.2022;16967.13281
2.12.2022;17088.66016
3.12.2022;16908.23633
4.12.2022;17130.48633
5.12.2022;16974.82617
6.12.2022;17089.50391
7.12.2022;16848.12695
8.12.2022;17233.47461
9.12.2022;17133.15234
10.12.2022;17128.72461
11.12.2022;17104.19336
12.12.2022;17206.4375
13.12.2022;17781.31836
14.12.2022;17815.65039
15.12.2022;17364.86523
16.12.2022;16647.48438
17.12.2022;16795.0918
18.12.2022;16757.97656
19.12.2022;16439.67969
20.12.2022;16906.30469
21.12.2022;16817.53516
22.12.2022;16830.3418
23.12.2022;16796.95313
24.12.2022;16847.75586
25.12.2022;16841.98633
26.12.2022;16919.80469
27.12.2022;16717.17383
28.12.2022;16552.57227
29.12.2022;16642.3418
30.12.2022;16602.58594
31.12.2022;16547.49609
1.01.2023;16625.08008
2.01.2023;16688.4707
3.01.2023;16679.85742
4.01.2023;16863.23828
5.01.2023;16836.73633
6.01.2023;16951.96875
7.01.2023;16955.07813
8.01.2023;17091.14453
9.01.2023;17196.55469
10.01.2023;17446.29297
11.01.2023;17934.89648
12.01.2023;18869.58789
13.01.2023;19909.57422
14.01.2023;20976.29883
15.01.2023;20880.79883
16.01.2023;21169.63281
17.01.2023;21161.51953
18.01.2023;20688.78125
19.01.2023;21086.79297
20.01.2023;22676.55273
21.01.2023;22777.625
22.01.2023;22720.41602
23.01.2023;22934.43164
24.01.2023;22636.46875
25.01.2023;23117.85938
26.01.2023;23032.77734
27.01.2023;23078.72852
28.01.2023;23031.08984
29.01.2023;23774.56641
30.01.2023;22840.13867
31.01.2023;23139.2832
1.02.2023;23723.76953
2.02.2023;23471.87109
3.02.2023;23449.32227
4.02.2023;23331.84766
5.02.2023;22955.66602
6.02.2023;22760.10938
7.02.2023;23264.29102
8.02.2023;22939.39844
9.02.2023;21819.03906
10.02.2023;21651.18359
11.02.2023;21870.875
12.02.2023;21788.20313
13.02.2023;21808.10156
14.02.2023;22220.80469
15.02.2023;24307.8418
16.02.2023;23623.47461
17.02.2023;24565.60156
18.02.2023;24641.27734
19.02.2023;24327.64258
20.02.2023;24829.14844
21.02.2023;24436.35352
22.02.2023;24188.84375
23.02.2023;23947.49219
24.02.2023;23198.12695
25.02.2023;23175.375
26.02.2023;23561.21289
27.02.2023;23522.87109
28.02.2023;23147.35352
1.03.2023;23646.55078
2.03.2023;23475.4668
3.03.2023;22362.67969
4.03.2023;22353.34961
5.03.2023;22435.51367
6.03.2023;22429.75781
7.03.2023;22219.76953
8.03.2023;21718.08008
9.03.2023;20363.02148
10.03.2023;20187.24414
11.03.2023;20632.41016
12.03.2023;22163.94922
13.03.2023;24197.5332
14.03.2023;24746.07422
15.03.2023;24375.96094
16.03.2023;25052.78906
17.03.2023;27423.92969
18.03.2023;26965.87891
19.03.2023;28038.67578
20.03.2023;27767.23633
21.03.2023;28175.81641
22.03.2023;27307.4375
23.03.2023;28333.97266
24.03.2023;27493.28516
25.03.2023;27494.70703
26.03.2023;27994.33008
27.03.2023;27139.88867
28.03.2023;27268.13086
29.03.2023;28348.44141
30.03.2023;28033.5625
31.03.2023;28478.48438
1.04.2023;28411.03516
2.04.2023;28199.30859
3.04.2023;27790.2207
4.04.2023;28168.08984
5.04.2023;28177.98438
6.04.2023;28044.14063
7.04.2023;27925.85938
8.04.2023;27947.79492
9.04.2023;28333.05078
10.04.2023;29652.98047
11.04.2023;30235.05859
12.04.2023;30139.05273
13.04.2023;30399.06641
14.04.2023;30485.69922
15.04.2023;30318.49609
16.04.2023;30315.35547
17.04.2023;29445.04492
18.04.2023;30397.55273
19.04.2023;28822.67969
20.04.2023;28245.98828
21.04.2023;27276.91016
22.04.2023;27817.5
23.04.2023;27591.38477
24.04.2023;27525.33984
25.04.2023;28307.59766
26.04.2023;28422.70117
27.04.2023;29473.78711
28.04.2023;29340.26172
29.04.2023;29248.48828
30.04.2023;29268.80664
1.05.2023;28091.56836
2.05.2023;28680.53711
3.05.2023;29006.30859
4.05.2023;28847.71094
5.05.2023;29534.38477
6.05.2023;28904.62305
7.05.2023;28454.97852
8.05.2023;27694.27344
9.05.2023;27658.77539
10.05.2023;27621.75586
11.05.2023;27000.78906
12.05.2023;26804.99023
13.05.2023;26784.07813
14.05.2023;26930.63867
15.05.2023;27192.69336
16.05.2023;27036.65039
17.05.2023;27398.80273
18.05.2023;26832.20898
19.05.2023;26890.12891
20.05.2023;27129.58594
21.05.2023;26753.82617
22.05.2023;26851.27734
23.05.2023;27225.72656
24.05.2023;26334.81836
25.05.2023;26476.20703
26.05.2023;26719.29102
27.05.2023;26868.35352
28.05.2023;28085.64648
29.05.2023;27745.88477
30.05.2023;27702.34961
31.05.2023;27219.6582
1.06.2023;26819.97266
2.06.2023;27249.58984
3.06.2023;27075.12891
4.06.2023;27119.06641
5.06.2023;25760.09766
6.06.2023;27238.7832
7.06.2023;26345.99805
8.06.2023;26508.2168
9.06.2023;26480.375
10.06.2023;25851.24023
11.06.2023;25940.16797
12.06.2023;25902.5
13.06.2023;25918.72852
14.06.2023;25124.67578
15.06.2023;25576.39453
16.06.2023;26327.46289
17.06.2023;26510.67578
18.06.2023;26336.21289
19.06.2023;26851.0293
20.06.2023;28327.48828
21.06.2023;30027.29688
22.06.2023;29912.28125
23.06.2023;30695.46875
24.06.2023;30548.69531
25.06.2023;30480.26172
26.06.2023;30271.13086
27.06.2023;30688.16406
28.06.2023;30086.24609
29.06.2023;30445.35156
30.06.2023;30477.25195
1.07.2023;30590.07813
2.07.2023;30620.76953
3.07.2023;31156.43945
4.07.2023;30777.58203
5.07.2023;30514.16602
6.07.2023;29909.33789
7.07.2023;30342.26563
8.07.2023;30292.54102
9.07.2023;30171.23438
10.07.2023;30414.4707
11.07.2023;30620.95117
12.07.2023;30391.64648
13.07.2023;31476.04883
14.07.2023;30334.06836
15.07.2023;30295.80664
16.07.2023;30249.13281
17.07.2023;30145.88867
18.07.2023;29856.5625
19.07.2023;29913.92383
20.07.2023;29792.01563
21.07.2023;29908.74414
22.07.2023;29771.80273
23.07.2023;30084.53906
24.07.2023;29176.91602
25.07.2023;29227.39063
26.07.2023;29354.97266
27.07.2023;29210.68945
28.07.2023;29319.24609
29.07.2023;29356.91797
30.07.2023;29275.30859
31.07.2023;29230.11133
1.08.2023;29675.73242
2.08.2023;29151.95898
3.08.2023;29178.67969
4.08.2023;29074.0918
5.08.2023;29042.12695
6.08.2023;29041.85547
7.08.2023;29180.57813
8.08.2023;29765.49219
9.08.2023;29561.49414
10.08.2023;29429.5918
11.08.2023;29397.71484
12.08.2023;29415.96484
13.08.2023;29282.91406
14.08.2023;29408.44336
15.08.2023;29170.34766
16.08.2023;28701.7793
17.08.2023;26664.55078
18.08.2023;26049.55664
19.08.2023;26096.20508
20.08.2023;26189.58398
21.08.2023;26124.14063
22.08.2023;26031.65625
23.08.2023;26431.64063
24.08.2023;26162.37305
25.08.2023;26047.66797
26.08.2023;26008.46289
27.08.2023;26089.69336
28.08.2023;26106.15039
29.08.2023;27727.39258
30.08.2023;27297.26563
31.08.2023;25931.47266
1.09.2023;25800.72461
2.09.2023;25868.79883
3.09.2023;25969.56641
4.09.2023;25812.41602
5.09.2023;25779.98242
6.09.2023;25753.23633
7.09.2023;26240.19531
8.09.2023;25905.6543
9.09.2023;25895.67773
10.09.2023;25832.22656
11.09.2023;25162.6543
12.09.2023;25833.34375
13.09.2023;26228.32422
14.09.2023;26539.67383
15.09.2023;26608.69336
16.09.2023;26568.28125
17.09.2023;26534.1875
18.09.2023;26754.28125
19.09.2023;27211.11719
20.09.2023;27132.00781
21.09.2023;26567.63281
22.09.2023;26579.56836
23.09.2023;26579.39063
24.09.2023;26256.82617
25.09.2023;26298.48047
26.09.2023;26217.25
27.09.2023;26352.7168
28.09.2023;27021.54688
29.09.2023;26911.7207
30.09.2023;26967.91602
1.10.2023;27983.75
2.10.2023;27530.78516
3.10.2023;27429.97852
4.10.2023;27799.39453
5.10.2023;27415.91211
6.10.2023;27946.59766
7.10.2023;27968.83984
8.10.2023;27935.08984
9.10.2023;27583.67773
10.10.2023;27391.01953
11.10.2023;26873.32031
12.10.2023;26756.79883
13.10.2023;26862.375
14.10.2023;26861.70703
15.10.2023;27159.65234
16.10.2023;28519.4668
17.10.2023;28415.74805
18.10.2023;28328.3418
19.10.2023;28719.80664
20.10.2023;29682.94922
21.10.2023;29918.41211
22.10.2023;29993.89648
23.10.2023;33086.23438
24.10.2023;33901.52734
25.10.2023;34502.82031
26.10.2023;34156.64844
27.10.2023;33909.80078
28.10.2023;34089.57422
29.10.2023;34538.48047
30.10.2023;34502.36328
31.10.2023;34667.78125
1.11.2023;35437.25391
2.11.2023;34938.24219
3.11.2023;34732.32422
4.11.2023;35082.19531
5.11.2023;35049.35547
6.11.2023;35037.37109
7.11.2023;35443.5625
8.11.2023;35655.27734
9.11.2023;36693.125
10.11.2023;37313.96875
11.11.2023;37138.05078
12.11.2023;37054.51953
13.11.2023;36502.35547
14.11.2023;35537.64063
15.11.2023;37880.58203
16.11.2023;36154.76953
17.11.2023;36596.68359
18.11.2023;36585.70313
19.11.2023;37386.54688
20.11.2023;37476.95703
21.11.2023;35813.8125
22.11.2023;37432.33984
23.11.2023;37289.62109
24.11.2023;37720.28125
25.11.2023;37796.79297
26.11.2023;37479.12109
27.11.2023;37254.16797
28.11.2023;37831.08594
29.11.2023;37858.49219
30.11.2023;37712.74609
1.12.2023;38688.75
2.12.2023;39476.33203
3.12.2023;39978.39063
4.12.2023;41980.09766
5.12.2023;44080.64844
6.12.2023;43746.44531
7.12.2023;43292.66406
8.12.2023;44166.60156
9.12.2023;43725.98438
10.12.2023;43779.69922
11.12.2023;41243.83203
12.12.2023;41450.22266
13.12.2023;42890.74219
14.12.2023;43023.97266
15.12.2023;41929.75781
16.12.2023;42240.11719
17.12.2023;41364.66406
18.12.2023;42623.53906
19.12.2023;42270.52734
20.12.2023;43652.25
21.12.2023;43869.15234
22.12.2023;43997.90234
23.12.2023;43739.54297
24.12.2023;43016.11719
25.12.2023;43613.14063
26.12.2023;42520.40234
27.12.2023;43442.85547
28.12.2023;42627.85547
29.12.2023;42099.40234
30.12.2023;42156.90234
31.12.2023;42265.1875
1.01.2024;44167.33203
2.01.2024;44957.96875
3.01.2024;42848.17578
4.01.2024;44179.92188
5.01.2024;44162.69141
6.01.2024;43989.19531
7.01.2024;43943.09766
8.01.2024;46970.50391
9.01.2024;46139.73047
10.01.2024;46627.77734
11.01.2024;46368.58594
12.01.2024;42853.16797
13.01.2024;42842.38281
14.01.2024;41796.26953
15.01.2024;42511.96875
16.01.2024;43154.94531
17.01.2024;42742.65234
18.01.2024;41262.05859
19.01.2024;41618.40625
20.01.2024;41665.58594
21.01.2024;41545.78516
22.01.2024;39507.36719
23.01.2024;39845.55078
24.01.2024;40077.07422
25.01.2024;39933.80859
26.01.2024;41816.87109
27.01.2024;42120.05469
28.01.2024;42035.59375
29.01.2024;43288.24609
30.01.2024;42952.60938
31.01.2024;42582.60547
1.02.2024;43075.77344
2.02.2024;43185.85938
3.02.2024;42992.25
4.02.2024;42583.58203
5.02.2024;42658.66797
6.02.2024;43084.67188
7.02.2024;44318.22266
8.02.2024;45301.56641
9.02.2024;47147.19922
10.02.2024;47771.27734
11.02.2024;48293.91797
12.02.2024;49958.22266
13.02.2024;49742.44141
14.02.2024;51826.69531
15.02.2024;51938.55469
16.02.2024;52160.20313
17.02.2024;51662.99609
18.02.2024;52122.54688
19.02.2024;51779.14453
20.02.2024;52284.875
21.02.2024;51839.17969
22.02.2024;51304.97266
23.02.2024;50731.94922
24.02.2024;51571.10156
25.02.2024;51733.23828
26.02.2024;54522.40234
27.02.2024;57085.37109
28.02.2024;62504.78906
29.02.2024;61198.38281
1.03.2024;62440.63281
2.03.2024;62029.84766
3.03.2024;63167.37109
4.03.2024;68330.41406
5.03.2024;63801.19922
6.03.2024;66106.80469
7.03.2024;66925.48438
8.03.2024;68300.09375
9.03.2024;68498.88281
10.03.2024;69019.78906
11.03.2024;72123.90625
12.03.2024;71481.28906
13.03.2024;73083.5
14.03.2024;71396.59375
15.03.2024;69403.77344
16.03.2024;65315.11719
17.03.2024;68390.625
18.03.2024;67548.59375
19.03.2024;61912.77344
20.03.2024;67913.67188
21.03.2024;65491.39063
22.03.2024;63778.76172
23.03.2024;64062.20313
24.03.2024;67234.17188
25.03.2024;69958.8125
26.03.2024;69987.83594
27.03.2024;69455.34375
28.03.2024;70744.95313
29.03.2024;69892.82813
30.03.2024;69645.30469
31.03.2024;71333.64844
1.04.2024;69702.14844
2.04.2024;65446.97266
3.04.2024;65980.8125
4.04.2024;68508.84375
5.04.2024;67837.64063
6.04.2024;68896.10938
7.04.2024;69362.55469
8.04.2024;71631.35938
9.04.2024;69139.01563
10.04.2024;70587.88281
11.04.2024;70060.60938
12.04.2024;67195.86719
13.04.2024;63821.47266
14.04.2024;65738.72656
15.04.2024;63426.21094
16.04.2024;63811.86328
17.04.2024;61276.69141
18.04.2024;63512.75391
19.04.2024;63843.57031
20.04.2024;64994.44141
21.04.2024;64926.64453
22.04.2024;66837.67969
23.04.2024;66407.27344
24.04.2024;64276.89844
25.04.2024;64481.70703
26.04.2024;63755.32031
27.04.2024;63419.14063
28.04.2024;63113.23047
29.04.2024;63841.12109
30.04.2024;60636.85547
1.05.2024;58254.01172
2.05.2024;59123.43359
3.05.2024;62889.83594
4.05.2024;63891.47266
5.05.2024;64031.13281
6.05.2024;63161.94922
7.05.2024;62334.81641
8.05.2024;61187.94141
9.05.2024;63049.96094
10.05.2024;60792.77734
11.05.2024;60793.71094
12.05.2024;61448.39453
13.05.2024;62901.44922
14.05.2024;61552.78906
15.05.2024;66267.49219
16.05.2024;65231.58203
17.05.2024;67051.875
18.05.2024;66940.80469
19.05.2024;66278.36719
20.05.2024;71448.19531
21.05.2024;70136.53125
22.05.2024;69122.33594
23.05.2024;67929.5625
24.05.2024;68526.10156
25.05.2024;69265.94531
26.05.2024;68518.09375
27.05.2024;69394.55469
28.05.2024;68296.21875
29.05.2024;67578.09375
30.05.2024;68364.99219
31.05.2024;67491.41406
1.06.2024;67706.9375
2.06.2024;67751.60156
3.06.2024;68804.78125
4.06.2024;70567.76563
5.06.2024;71082.82031
6.06.2024;70757.16406
7.06.2024;69342.58594
8.06.2024;69305.77344
9.06.2024;69647.99219
10.06.2024;69512.28125
11.06.2024;67332.03125
12.06.2024;68241.1875
13.06.2024;66756.39844
14.06.2024;66011.09375
15.06.2024;66191,00
16.06.2024;66639.04688
17.06.2024;66490.29688
18.06.2024;65140.74609
19.06.2024;64960.29688
20.06.2024;64828.65625
21.06.2024;64096.19922
22.06.2024;64252.57813
23.06.2024;63180.79688
24.06.2024;60277.41406
25.06.2024;61804.64063
26.06.2024;60811.27734
27.06.2024;61604.80078
28.06.2024;60320.13672
29.06.2024;60887.37891
30.06.2024;62678.29297
1.07.2024;62851.98047
2.07.2024;62029.01563
3.07.2024;60173.92188
4.07.2024;56977.70313
5.07.2024;56662.375
6.07.2024;58303.53906
7.07.2024;55849.10938
8.07.2024;56705.09766
9.07.2024;58009.22656
10.07.2024;57742.49609
11.07.2024;57344.91406
12.07.2024;57899.46484
13.07.2024;59231.95313
14.07.2024;60787.79297
15.07.2024;64870.15234
16.07.2024;65097.14844
17.07.2024;64118.79297
18.07.2024;63974.06641
19.07.2024;66710.15625
20.07.2024;67163.64844
21.07.2024;68154.52344
22.07.2024;67585.25
23.07.2024;65927.67188
24.07.2024;65372.13281
25.07.2024;65777.22656
26.07.2024;67912.0625
27.07.2024;67813.33594
28.07.2024;68255.86719
29.07.2024;66819.91406
30.07.2024;66201.01563
31.07.2024;64619.25
1.08.2024;65357.5
2.08.2024;61415.06641
3.08.2024;60680.09375
4.08.2024;58116.97656
5.08.2024;53991.45703
6.08.2024;56034.31641
7.08.2024;55027.46094
8.08.2024;61710.13672
9.08.2024;60880.11328
10.08.2024;60945.8125
11.08.2024;58719.48438
12.08.2024;59354.51563
13.08.2024;60609.56641
14.08.2024;58737.26953
15.08.2024;57560.09766
16.08.2024;58894.10547
17.08.2024;59478.97266
18.08.2024;58483.96484
19.08.2024;59493.45313
20.08.2024;59012.79297
21.08.2024;61175.19141
22.08.2024;60381.91406
23.08.2024;64094.35547
24.08.2024;64178.99219
25.08.2024;64333.54297
26.08.2024;62880.66016
27.08.2024;59504.13281
28.08.2024;59027.625
29.08.2024;59388.17969
30.08.2024;59119.47656
31.08.2024;58969.89844
1.09.2024;57325.48828
2.09.2024;59112.48047
3.09.2024;57431.02344
4.09.2024;57971.53906
5.09.2024;56160.48828
6.09.2024;53948.75391
7.09.2024;54139.6875
8.09.2024;54841.56641
9.09.2024;57019.53516
10.09.2024;57648.71094
11.09.2024;57343.17188
12.09.2024;58127.01172
13.09.2024;60571.30078
14.09.2024;60005.12109
15.09.2024;59182.83594
16.09.2024;58192.50781
17.09.2024;60308.53906
18.09.2024;61649.67969
19.09.2024;62940.45703
20.09.2024;63192.97656
21.09.2024;63394.83984
22.09.2024;63648.71094
23.09.2024;63329.80078
24.09.2024;64301.96875
25.09.2024;63143.14453
26.09.2024;65181.01953
27.09.2024;65790.66406
28.09.2024;65887.64844
29.09.2024;65635.30469
30.09.2024;63329.5
1.10.2024;60837.00781
2.10.2024;60632.78516
3.10.2024;60759.40234
4.10.2024;62067.47656
5.10.2024;62089.94922
6.10.2024;62818.95313
7.10.2024;62236.66016
8.10.2024;62131.96875
9.10.2024;60582.10156
10.10.2024;60274.5
11.10.2024;62445.08984
12.10.2024;63193.02344
13.10.2024;62851.375
14.10.2024;66046.125
15.10.2024;67041.10938
16.10.2024;67612.71875
17.10.2024;67399.83594
18.10.2024;68418.78906
19.10.2024;68362.73438
20.10.2024;69001.70313
21.10.2024;67367.85156
22.10.2024;67361.40625
23.10.2024;66432.19531
24.10.2024;68161.05469
25.10.2024;66642.41406
26.10.2024;67014.69531
27.10.2024;67929.29688
28.10.2024;69907.75781
29.10.2024;72720.49219
30.10.2024;72339.53906
31.10.2024;70215.1875
1.11.2024;69482.46875
2.11.2024;69289.27344
3.11.2024;68741.11719
4.11.2024;67811.50781
5.11.2024;69359.5625
6.11.2024;75639.07813
7.11.2024;75904.85938
8.11.2024;76545.47656
9.11.2024;76778.86719
10.11.2024;80474.1875
11.11.2024;88701.48438
12.11.2024;87955.8125
13.11.2024;90584.16406
14.11.2024;87250.42969
15.11.2024;91066.00781
16.11.2024;90558.47656
17.11.2024;89845.85156
18.11.2024;90542.64063
19.11.2024;92343.78906
20.11.2024;94339.49219
21.11.2024;98504.72656
22.11.2024;98997.66406
23.11.2024;97777.28125
24.11.2024;98013.82031
25.11.2024;93102.29688
26.11.2024;91985.32031
27.11.2024;95962.53125
28.11.2024;95652.46875
29.11.2024;97461.52344
30.11.2024;96449.05469
1.12.2024;97279.78906
2.12.2024;95865.30469
3.12.2024;96002.16406
4.12.2024;98768.53125
5.12.2024;96593.57031
6.12.2024;99920.71094
7.12.2024;99923.33594
8.12.2024;101236.0156
9.12.2024;97432.71875
10.12.2024;96675.42969
11.12.2024;101173.0313
12.12.2024;100043,00
13.12.2024;101459.2578
14.12.2024;101372.9688
15.12.2024;104298.6953
16.12.2024;106029.7188
17.12.2024;106140.6016
18.12.2024;100041.5391
19.12.2024;97490.95313
20.12.2024;97755.92969
21.12.2024;97224.72656
22.12.2024;95104.9375
23.12.2024;94686.24219
24.12.2024;98676.09375
25.12.2024;99299.19531
26.12.2024;95795.51563
27.12.2024;94164.85938
28.12.2024;95163.92969
29.12.2024;93530.22656
30.12.2024;92643.21094
31.12.2024;93429.20313
1.01.2025;94419.75781
2.01.2025;96886.875
3.01.2025;98107.42969
4.01.2025;98236.22656
5.01.2025;98314.96094
6.01.2025;102078.0859
7.01.2025;96922.70313
8.01.2025;95043.52344
9.01.2025;92484.03906
10.01.2025;94701.45313
11.01.2025;94566.59375
12.01.2025;94488.4375
13.01.2025;94516.52344
14.01.2025;96534.04688
15.01.2025;100504.4922
16.01.2025;99756.90625
17.01.2025;104462.0391
18.01.2025;104408.0703
19.01.2025;101089.6094
20.01.2025;102016.6641
21.01.2025;106146.2656
22.01.2025;103653.0703
23.01.2025;103960.1719
24.01.2025;104819.4844
25.01.2025;104714.6484
26.01.2025;102682.5
27.01.2025;102087.6875
28.01.2025;101332.4766
29.01.2025;103703.2109
30.01.2025;104735.3047
31.01.2025;102405.0234
1.02.2025;100655.9063
2.02.2025;97688.97656
3.02.2025;101405.4219
4.02.2025;97871.82031
5.02.2025;96615.44531
6.02.2025;96593.29688
7.02.2025;96529.08594
8.02.2025;96482.45313
9.02.2025;96500.09375
10.02.2025;97437.55469
11.02.2025;95747.42969
12.02.2025;97885.85938
13.02.2025;96623.86719
14.02.2025;97508.96875
15.02.2025;97580.35156
16.02.2025;96175.03125
17.02.2025;95773.38281
18.02.2025;95539.54688
19.02.2025;96635.60938
20.02.2025;98333.9375
21.02.2025;96125.54688
22.02.2025;96577.75781
23.02.2025;96273.92188
24.02.2025;91418.17188
25.02.2025;88736.17188
26.02.2025;84347.02344
27.02.2025;84704.22656
28.02.2025;84373.00781
1.03.2025;86031.91406
2.03.2025;94248.35156
3.03.2025;86065.67188
4.03.2025;87222.19531
5.03.2025;90623.5625
6.03.2025;89961.72656
7.03.2025;86742.67188
8.03.2025;86154.59375
9.03.2025;80601.03906
10.03.2025;78532,00
11.03.2025;82862.21094
12.03.2025;83722.35938
13.03.2025;81066.70313
14.03.2025;83969.10156
15.03.2025;84343.10938
16.03.2025;82579.6875
17.03.2025;84075.6875
18.03.2025;82718.5
19.03.2025;86854.22656
20.03.2025;84167.19531
21.03.2025;84043.24219
22.03.2025;83832.48438
23.03.2025;86054.375
24.03.2025;87498.91406
25.03.2025;87471.70313
26.03.2025;86900.88281
27.03.2025;87177.10156
28.03.2025;84353.14844
29.03.2025;82597.58594
30.03.2025;82334.52344
31.03.2025;82548.91406
1.04.2025;85169.17188
2.04.2025;82485.71094
3.04.2025;83102.82813
4.04.2025;83843.80469
5.04.2025;83504.79688
6.04.2025;78214.48438
7.04.2025;79235.33594
8.04.2025;76271.95313
9.04.2025;82573.95313
10.04.2025;79626.14063
11.04.2025;83404.83594
12.04.2025;85287.10938
13.04.2025;83684.97656
14.04.2025;84542.39063
15.04.2025;83668.99219
16.04.2025;84033.86719
17.04.2025;84895.75
18.04.2025;84450.80469
19.04.2025;85063.41406
20.04.2025;85174.30469
21.04.2025;87518.90625
22.04.2025;93441.89063
23.04.2025;93699.10938
24.04.2025;93943.79688
25.04.2025;94720.5
26.04.2025;94646.92969
27.04.2025;93754.84375
28.04.2025;94978.75
29.04.2025;94284.78906
30.04.2025;94207.3125
1.05.2025;96492.33594
2.05.2025;96910.07031
3.05.2025;95891.79688
4.05.2025;94315.97656
5.05.2025;94748.05469
6.05.2025;96802.47656
7.05.2025;97032.32031
8.05.2025;103241.4609
9.05.2025;102970.8516
10.05.2025;104696.3281
11.05.2025;104106.3594
12.05.2025;102812.9531
13.05.2025;104169.8125
14.05.2025;103539.4141
15.05.2025;103744.6406
16.05.2025;103489.2891
17.05.2025;103191.0859
18.05.2025;106446.0078
19.05.2025;105606.1797
20.05.2025;106791.0859
21.05.2025;109678.0781
22.05.2025;111673.2813
23.05.2025;107287.7969
24.05.2025;107791.1563
25.05.2025;109035.3906
26.05.2025;109440.3672
27.05.2025;108994.6406
28.05.2025;107802.3281
29.05.2025;105641.7578
30.05.2025;103998.5703
31.05.2025;104638.0938
1.06.2025;105652.1016
2.06.2025;105881.5313
3.06.2025;105432.4688
4.06.2025;104731.9844
5.06.2025;101575.9531
6.06.2025;104390.3438
7.06.2025;105615.625
8.06.2025;105793.6484
9.06.2025;110294.1016
10.06.2025;110257.2344
11.06.2025;108686.625
12.06.2025;105929.0547
13.06.2025;106090.9688
14.06.2025;105472.4063
15.06.2025;105552.0234
16.06.2025;106796.7578
17.06.2025;104601.1172
18.06.2025;104883.3281
19.06.2025;104684.2891
20.06.2025;103309.6016
21.06.2025;102257.4063
22.06.2025;100987.1406
23.06.2025;105577.7734
24.06.2025;106045.6328
25.06.2025;107361.2578
26.06.2025;106960,00
27.06.2025;107088.4297
28.06.2025;107327.7031
29.06.2025;108385.5703
30.06.2025;107135.3359
1.07.2025;105698.2813
2.07.2025;108859.3203
3.07.2025;109647.9766
4.07.2025;108034.3359
5.07.2025;108231.1797
6.07.2025;109232.0703
7.07.2025;108299.8516
8.07.2025;108950.2734
9.07.2025;111326.5547
10.07.2025;115987.2031
11.07.2025;117516.9922
12.07.2025;117435.2266
13.07.2025;119116.1172
14.07.2025;119849.7031
15.07.2025;117777.1875
16.07.2025;118738.5078
17.07.2025;119289.8438
18.07.2025;118003.2266
19.07.2025;117939.9766
20.07.2025;117300.7891
21.07.2025;117439.5391
22.07.2025;119995.4141
23.07.2025;118754.9609
24.07.2025;118368,00
25.07.2025;117635.8828
26.07.2025;117947.3672
27.07.2025;119448.4922
28.07.2025;117924.4766
29.07.2025;117922.1484
30.07.2025;117831.1875
31.07.2025;115758.2031
1.08.2025;113320.0859
2.08.2025;112526.9141
3.08.2025;114217.6719
4.08.2025;115071.8828
5.08.2025;114141.4453
6.08.2025;115028,00
7.08.2025;117496.8984
8.08.2025;116688.7266
9.08.2025;116500.3594
10.08.2025;119306.7578
11.08.2025;118731.4453
12.08.2025;120172.9063
13.08.2025;123344.0625
14.08.2025;118359.5781
15.08.2025;117398.3516
16.08.2025;117491.3516
17.08.2025;117453.0625
18.08.2025;116252.3125
19.08.2025;112831.1797
20.08.2025;114274.7422
21.08.2025;112419.0313
22.08.2025;116874.0859
23.08.2025;115374.3281
24.08.2025;113458.4297
25.08.2025;110124.3516
26.08.2025;111802.6563
27.08.2025;111222.0625
28.08.2025;112544.8047
29.08.2025;108410.8359
30.08.2025;108808.0703
31.08.2025;108236.7109
1.09.2025;109250.5938
2.09.2025;111200.5859
3.09.2025;111723.2109
4.09.2025;110723.6016
5.09.2025;110650.9844
6.09.2025;110224.6953
7.09.2025;111167.6172
8.09.2025;112071.4297
9.09.2025;111530.5469
10.09.2025;113955.3594
11.09.2025;115507.5391
12.09.2025;116101.5781
13.09.2025;115950.5078
14.09.2025;115407.6563
15.09.2025;115444.875
16.09.2025;116843.1875
17.09.2025;116468.5078
18.09.2025;117137.2031
19.09.2025;115688.8594
20.09.2025;115721.9609
21.09.2025;115306.0938
22.09.2025;112748.5078
23.09.2025;112014.5
24.09.2025;113328.6328
25.09.2025;109049.2891
26.09.2025;109712.8281
27.09.2025;109681.9453
28.09.2025;112122.6406
29.09.2025;114400.3828
30.09.2025;114056.0859
1.10.2025;118648.9297
2.10.2025;120681.2578
3.10.2025;122266.5313
4.10.2025;122425.4297
5.10.2025;123513.4766
6.10.2025;124752.5313
7.10.2025;121451.3828
8.10.2025;123354.8672
9.10.2025;121705.5859
10.10.2025;113214.3672
11.10.2025;110807.8828
12.10.2025;115169.7656
13.10.2025;115271.0781
14.10.2025;113118.6641
15.10.2025;110783.1641
16.10.2025;108186.0391
17.10.2025;106467.7891
18.10.2025;107198.2656
19.10.2025;108666.7109
20.10.2025;110588.9297
21.10.2025;108476.8906
22.10.2025;107688.5859
23.10.2025;110069.7266
24.10.2025;111033.9219
25.10.2025;111641.7266
26.10.2025;114472.4453
27.10.2025;114119.3281
28.10.2025;112956.1641
29.10.2025;110055.3047
30.10.2025;108305.5469
31.10.2025;109556.1641
1.11.2025;110064.0156
2.11.2025;110639.625
3.11.2025;106547.5234
4.11.2025;101590.5234
5.11.2025;103891.8359
6.11.2025;101301.2891
7.11.2025;103372.4063
8.11.2025;102282.1172
9.11.2025;104719.6406
10.11.2025;105996.5938
11.11.2025;102997.4688
12.11.2025;101663.1875
13.11.2025;99697.49219
14.11.2025;94397.78906
15.11.2025;95549.14844
16.11.2025;94177.07813
17.11.2025;92093.875
18.11.2025;92948.875
19.11.2025;91465.99219
20.11.2025;86631.89844
21.11.2025;85090.6875
22.11.2025;84648.35938
23.11.2025;86517.94531